{"accuracy": 0.0, "avg_similarity": 0.41098161812508105, "similarity_scores": [0.4375, 0.5161290322580645, 0.58, 0.45714285714285713, 0.29850746268656714, 0.3548387096774194, 0.47058823529411764, 0.5168539325842697, 0.41916167664670656, 0.5870646766169154, 0.5100671140939598, 0.4, 0.5967741935483871, 0.47435897435897434, 0.30158730158730157, 0.23170731707317074, 0.2413793103448276, 0.3356643356643357, 0.3246753246753247, 0.3978494623655914, 0.0594059405940594, 0.20754716981132076, 0.2346368715083799, 0.5176470588235295, 0.1095890410958904, 0.015209125475285171, 0.5825242718446602, 0.09282700421940929, 0.4074074074074074, 0.2736842105263158, 0.464, 0.59375, 0.6629213483146067, 0.6336633663366337, 0.15625, 0.7772020725388601, 0.6056338028169014, 0.22784810126582278, 0.6356589147286822, 0.4444444444444444, 0.425531914893617, 0.4507042253521127, 0.35398230088495575, 0.5609756097560976, 0.5138888888888888, 0.5463414634146342, 0.5864661654135338, 0.36619718309859156, 0.38095238095238093, 0.6271186440677966, 0.24778761061946902, 0.3917525773195876, 0.34831460674157305, 0.18994413407821228, 0.5, 0.3310344827586207, 0.43902439024390244, 0.40601503759398494, 0.3712574850299401, 0.5736434108527132, 0.5970149253731343, 0.562962962962963, 0.4864864864864865, 0.43537414965986393, 0.19672131147540983, 0.43870967741935485, 0.33707865168539325, 0.2912621359223301, 0.2982456140350877, 0.3333333333333333, 0.3697478991596639, 0.425531914893617, 0.34782608695652173, 0.32061068702290074, 0.16666666666666666, 0.4367816091954023, 0.5666666666666667, 0.24347826086956523, 0.4421052631578947, 0.4462809917355372, 0.52, 0.24390243902439024, 0.32748538011695905, 0.5521472392638037, 0.4791666666666667, 0.3384615384615385, 0.14285714285714285, 0.3564356435643564, 0.41134751773049644, 0.3548387096774194, 0.5901639344262295, 0.47297297297297297, 0.4774193548387097, 0.37168141592920356, 0.3333333333333333, 0.4943820224719101, 0.45528455284552843, 0.5737704918032787, 0.631578947368421, 0.4634146341463415]}